{
    "monId": 2007,
    "monName": "오크 원거리1",
    "kind": 2,
    "level": 1,
    "hp": 10,
    "mp": 0,
    "mpRegen": 0,
    "damage": 1,
    "moveSpeed": 3.5,
    "giveExp": 10,
    "prefabName": "SPUM_orc_m7",
    "projectilePrefab": "Arrow01",
    "hitImpact": "Impact_Hit_Lv1",
    "attackRange": 4.300000190734863,
    "attackCooldown": 1.350000023841858,
    "attackAnimDuration": 0.44999998807907107,
    "damageApplyNormalizedTime": 0.4000000059604645,
    "fireDelayNormalizedTime": 0.3499999940395355,
    "stopDistance": 4.0,
    "projectileSpawnForwardOffset": 0.550000011920929,
    "projectileSpawnHeightOffset": 0.6499999761581421,
    "targetAimHeightOffset": 0.44999998807907107,
    "arrowProjectileSpeed": 22.0,
    "arrowProjectileMaxRange": 16.0,
    "arrowProjectileHitRadius": 0.6000000238418579,
    "arrowVisualScale": 0.3499999940395355,
    "arrowVisualRotationOffset": {
        "x": 90.0,
        "y": -90.0,
        "z": -45.0
    },
    "arrowVisualScaleMultiplier": 0.47999998927116396,
    "arrowArcHeightMin": 0.30000001192092898,
    "arrowArcHeightMax": 0.8999999761581421,
    "arrowArcHeightDistanceMultiplier": 0.07000000029802323,
    "energyProjectileSpeed": 14.0,
    "energyProjectileHitRadius": 0.41999998688697817,
    "energyProjectileMaxLifetime": 2.5,
    "energyVisualScaleMultiplier": 0.800000011920929
}